participantId,jobId,age,educationLevel,monthlySalary
503,618,24,HighSchoolOrCollege,1600
504,862,35,HighSchoolOrCollege,3001.609589
505,837,45,HighSchoolOrCollege,2985.270878
506,754,34,Graduate,6106.891496
507,447,34,Low,2003.274621
508,857,31,HighSchoolOrCollege,2562.441646
511,1198,27,HighSchoolOrCollege,2964.624282
513,718,57,HighSchoolOrCollege,2955.218219
515,706,32,HighSchoolOrCollege,2867.297304
516,859,22,HighSchoolOrCollege,2769.649448
517,1005,35,HighSchoolOrCollege,2762.897779
518,876,44,HighSchoolOrCollege,2700.993755
519,717,18,HighSchoolOrCollege,2130.640093
520,1207,40,Bachelors,5126.473626
521,887,39,HighSchoolOrCollege,2645.315893
522,608,20,Low,2001.25152
524,861,33,Bachelors,5119.046198
525,1271,55,HighSchoolOrCollege,2935.068909
527,755,31,HighSchoolOrCollege,2565.003306
528,1186,44,HighSchoolOrCollege,2907.790914
529,812,27,Graduate,5776.046653
530,813,42,HighSchoolOrCollege,2558.084141
531,1203,54,HighSchoolOrCollege,2902.995235
532,1323,51,Graduate,5946.648483
533,984,51,HighSchoolOrCollege,2547.894426
534,195,50,Bachelors,5038.088632
535,786,46,Bachelors,5034.484915
536,1270,46,HighSchoolOrCollege,2896.418981
537,774,42,HighSchoolOrCollege,2091.528514
538,759,22,Bachelors,5024.198322
540,918,44,Bachelors,2088.224413
542,1190,27,Bachelors,5019.018194
543,764,54,HighSchoolOrCollege,2533.67029
544,948,18,Bachelors,4946.458008
545,819,18,HighSchoolOrCollege,2522.769438
546,189,60,Bachelors,5004.083698
547,1209,20,Bachelors,4995.491374
548,1272,54,Bachelors,4995.404075
549,1262,40,HighSchoolOrCollege,2885.343675
550,977,46,HighSchoolOrCollege,2513.885139
551,746,58,Graduate,5714.39681
552,1279,60,Graduate,5686.223368
554,943,29,HighSchoolOrCollege,2450.812698
555,785,23,HighSchoolOrCollege,2427.408461
556,789,30,HighSchoolOrCollege,2408.068194
557,801,18,HighSchoolOrCollege,2396.01264
559,484,60,Bachelors,2981.726448
560,1195,46,HighSchoolOrCollege,2857.807792
561,1100,51,HighSchoolOrCollege,2831.195448
562,1240,49,Bachelors,4948.519821
563,777,41,Bachelors,4488.57668
564,769,38,Bachelors,2216.105536
565,951,56,Bachelors,2794.816064
566,855,22,HighSchoolOrCollege,2393.366789
569,808,20,HighSchoolOrCollege,2346.394626
570,1003,49,Bachelors,4891.763387
571,886,57,HighSchoolOrCollege,2323.715808
573,814,49,Graduate,2019.122568
576,315,23,Graduate,3092.300917
578,890,21,Bachelors,1999.11364
579,771,48,Bachelors,2949.695746
581,791,60,Graduate,5372.044872
582,735,50,HighSchoolOrCollege,2321.099314
583,982,50,Graduate,4734.834235
584,1028,36,Bachelors,4767.791712
585,1031,34,Bachelors,4674.045554
586,1191,41,HighSchoolOrCollege,2808.59999
587,962,51,HighSchoolOrCollege,2270.189835
588,933,45,HighSchoolOrCollege,2252.404714
590,905,53,HighSchoolOrCollege,2231.127925
591,794,54,Bachelors,4615.198696
592,1294,32,Graduate,5440.009206
593,796,43,HighSchoolOrCollege,1985.149099
594,1030,37,Graduate,5416.671286
596,981,19,Graduate,4122.10971
597,873,30,HighSchoolOrCollege,2220.770758
598,1241,22,HighSchoolOrCollege,2807.143978
600,823,49,Bachelors,3278.216592
601,955,32,HighSchoolOrCollege,2168.410022
606,798,28,HighSchoolOrCollege,2164.908346
607,807,53,HighSchoolOrCollege,2097.71772
608,844,24,HighSchoolOrCollege,2090.345736
609,23,42,Bachelors,4594.733195
610,907,58,Graduate,4708.79293
612,733,41,Bachelors,4398.321429
613,696,46,HighSchoolOrCollege,2083.639086
614,1050,45,HighSchoolOrCollege,2768.49976
616,897,52,HighSchoolOrCollege,2081.208621
618,1079,22,HighSchoolOrCollege,2755.733824
619,1181,31,HighSchoolOrCollege,2745.329714
620,965,31,Bachelors,2450.644037
622,708,54,Bachelors,4170.720938
623,716,56,HighSchoolOrCollege,2070.174821
624,714,31,Bachelors,4188.515237
625,966,35,HighSchoolOrCollege,2069.881456
626,816,28,Bachelors,3909.121658
627,1231,60,Bachelors,4394.082512
630,946,30,Bachelors,4377.231683
631,1036,56,HighSchoolOrCollege,2721.712392
632,131,38,Bachelors,4388.645722
633,1025,32,Graduate,5255.925248
635,1002,33,Graduate,4673.56229
636,1274,39,HighSchoolOrCollege,2703.863757
637,863,23,Bachelors,4366.869192
638,1095,48,HighSchoolOrCollege,2624.091203
640,666,24,Bachelors,3088.344322
642,1199,37,HighSchoolOrCollege,2622.349986
644,313,37,HighSchoolOrCollege,2596.877698
645,1159,33,Graduate,5120.505416
646,921,36,Graduate,3405.071427
648,815,49,Bachelors,4279.74337
649,1070,38,HighSchoolOrCollege,2595.888598
650,952,31,Graduate,4567.321501
651,1165,24,HighSchoolOrCollege,2594.904125
652,768,30,Bachelors,2887.952086
654,734,19,Bachelors,3148.54523
656,980,41,Bachelors,4273.814998
659,971,49,Graduate,4122.548203
660,729,30,Bachelors,3957.7862
661,172,22,HighSchoolOrCollege,2569.643456
662,95,47,Graduate,5068.765539
664,173,53,HighSchoolOrCollege,2556.436445
665,1218,30,HighSchoolOrCollege,2544.496013
666,1317,32,Bachelors,4216.918522
667,208,19,HighSchoolOrCollege,2544.234389
669,64,28,HighSchoolOrCollege,2532.013619
671,338,51,HighSchoolOrCollege,2507.213094
672,865,22,Bachelors,3904.94295
673,1247,23,Low,1904.037755
674,1001,43,HighSchoolOrCollege,1881.475328
675,967,55,HighSchoolOrCollege,1833.553579
676,1312,37,HighSchoolOrCollege,2507.191722
677,1204,47,HighSchoolOrCollege,2483.598326
678,828,38,Bachelors,2040.660491
679,957,54,Graduate,1915.492826
680,310,48,Low,1896.767747
681,825,51,HighSchoolOrCollege,1825.58987
682,744,32,HighSchoolOrCollege,1812.261085
683,275,31,Graduate,5017.22616
684,849,30,Graduate,4168.166862
685,1013,42,Bachelors,3794.799123
686,851,21,Bachelors,2637.835336
687,868,48,HighSchoolOrCollege,1600
688,739,50,HighSchoolOrCollege,1789.052725
689,902,49,Bachelors,3667.825565
690,1008,50,Low,1837.844536
691,810,36,Graduate,4059.70829
692,852,54,Graduate,3953.205974
693,756,39,HighSchoolOrCollege,1768.926427
694,882,55,HighSchoolOrCollege,1746.99945
695,895,55,Bachelors,3649.42817
696,711,44,Bachelors,3569.700114
697,1012,26,HighSchoolOrCollege,1600
698,910,24,Bachelors,3550.188774
699,1067,33,HighSchoolOrCollege,2459.979125
700,720,28,HighSchoolOrCollege,1702.576272
701,912,50,HighSchoolOrCollege,1735.912061
702,1059,49,Bachelors,4125.127334
703,817,49,HighSchoolOrCollege,1688.890848
704,752,44,HighSchoolOrCollege,1600
705,930,50,HighSchoolOrCollege,1600
706,896,24,HighSchoolOrCollege,1681.428458
707,111,57,HighSchoolOrCollege,2441.508211
708,889,23,HighSchoolOrCollege,1665.830782
709,42,52,HighSchoolOrCollege,2425.691728
710,1313,50,Bachelors,4107.097278
711,782,27,Bachelors,3463.352574
712,244,51,HighSchoolOrCollege,2421.894438
713,1263,22,Bachelors,4100.169222
714,987,50,Graduate,3393.264514
715,831,58,Graduate,3731.732011
716,1134,20,Bachelors,4096.04275
717,1137,36,HighSchoolOrCollege,2418.442096
718,843,19,Graduate,2671.247008
719,892,47,Low,1600
720,698,56,Graduate,1688.754605
721,150,24,Bachelors,4046.663245
722,894,35,HighSchoolOrCollege,1657.069621
723,1322,55,HighSchoolOrCollege,2405.323701
724,1288,50,Low,1849.85911
725,736,57,HighSchoolOrCollege,1647.258859
726,869,20,HighSchoolOrCollege,1644.416699
727,922,58,Bachelors,3121.928813
728,113,38,Low,1800.72991
729,799,19,HighSchoolOrCollege,1606.548294
730,712,48,HighSchoolOrCollege,1600
731,903,44,Bachelors,3527.431288
732,1092,41,Graduate,4953.551147
733,223,50,Low,1772.33116
734,1011,38,Bachelors,3245.236843
735,341,51,Low,1745.119414
736,1253,46,HighSchoolOrCollege,2394.148176
737,725,43,Bachelors,2886.113912
738,806,23,Bachelors,2056.28029
739,879,49,HighSchoolOrCollege,1600
740,989,41,HighSchoolOrCollege,1605.826693
741,61,49,HighSchoolOrCollege,2385.098478
742,1153,57,HighSchoolOrCollege,2381.525835
743,1020,51,Bachelors,4046.563254
744,999,57,HighSchoolOrCollege,1603.78137
745,582,50,HighSchoolOrCollege,2371.202928
746,1000,19,HighSchoolOrCollege,1600
747,1269,36,HighSchoolOrCollege,2370.230992
748,936,26,Graduate,3185.115016
749,1038,58,HighSchoolOrCollege,2365.260611
750,1242,30,Bachelors,4025.852354
751,858,32,Graduate,3511.499107
752,963,47,Graduate,3580.0816
753,901,21,Bachelors,3237.994117
754,1152,34,Bachelors,3912.807806
755,992,58,HighSchoolOrCollege,1600
758,1123,56,HighSchoolOrCollege,2346.016557
759,1237,54,Graduate,2117.144251
763,1224,27,Graduate,4785.978299
764,1087,52,HighSchoolOrCollege,2307.547061
765,1193,29,Graduate,4568.612528
766,1115,38,HighSchoolOrCollege,2266.36488
767,653,18,HighSchoolOrCollege,2293.809981
769,44,28,Graduate,4909.873814
770,1324,32,Bachelors,3810.433757
772,1258,38,Graduate,2867.756507
775,1201,41,HighSchoolOrCollege,2230.768941
776,651,34,Bachelors,3906.060875
777,597,48,HighSchoolOrCollege,2281.53355
778,1266,18,HighSchoolOrCollege,2218.816864
779,407,31,HighSchoolOrCollege,2278.83505
781,569,42,HighSchoolOrCollege,2271.34784
782,332,30,Bachelors,3046.987928
783,1073,47,HighSchoolOrCollege,2205.031394
784,1316,54,HighSchoolOrCollege,2203.433598
786,281,23,HighSchoolOrCollege,2270.22451
787,475,37,HighSchoolOrCollege,2257.105573
788,1104,31,HighSchoolOrCollege,2197.812515
795,1200,50,HighSchoolOrCollege,2197.102517
796,1215,58,HighSchoolOrCollege,2194.598478
797,1210,30,HighSchoolOrCollege,2179.693922
798,891,36,Bachelors,2952.314901
800,35,50,Graduate,4850.884982
801,1289,43,Graduate,4728.208982
803,449,43,HighSchoolOrCollege,2254.538974
804,1120,18,HighSchoolOrCollege,2176.136152
805,498,19,HighSchoolOrCollege,2241.292531
807,533,27,HighSchoolOrCollege,2235.104424
809,1182,43,HighSchoolOrCollege,2174.382048
810,94,46,HighSchoolOrCollege,2233.333918
811,1259,27,Graduate,4723.942126
812,1273,44,HighSchoolOrCollege,2174.182866
813,1291,29,HighSchoolOrCollege,2127.600179
814,1042,54,Bachelors,3787.642774
815,1295,38,HighSchoolOrCollege,2110.259702
819,85,18,Graduate,4643.708232
820,120,44,Bachelors,3865.161632
821,554,35,HighSchoolOrCollege,2228.878115
822,430,57,HighSchoolOrCollege,2211.639781
823,234,22,Graduate,4589.319963
826,1173,28,Graduate,4500.322573
829,215,26,HighSchoolOrCollege,2207.093005
830,210,57,Bachelors,3839.915592
833,236,22,HighSchoolOrCollege,2192.591771
835,1234,49,Bachelors,3486.530664
836,290,53,HighSchoolOrCollege,2186.939531
837,446,49,HighSchoolOrCollege,2182.131493
838,610,52,Bachelors,3815.199498
840,1246,47,Bachelors,3769.347326
841,1187,57,Graduate,4405.694744
843,1297,59,Bachelors,2799.638034
844,1164,46,Bachelors,3730.944923
845,136,40,HighSchoolOrCollege,2166.287349
848,1189,34,Graduate,4402.081947
849,920,30,Bachelors,2984.80484
850,1051,57,Bachelors,3616.629352
851,1287,19,Graduate,3745.09148
852,677,50,HighSchoolOrCollege,2152.458861
854,599,28,Bachelors,3757.410701
857,1065,57,Bachelors,2825.01715
861,1103,59,Bachelors,3595.572114
863,1236,59,Bachelors,3473.278315
865,197,39,HighSchoolOrCollege,2150.209944
866,1238,42,Bachelors,3147.131122
868,154,51,HighSchoolOrCollege,3482.553483
869,1260,53,Graduate,4394.078818
870,1251,32,Bachelors,2938.466128
871,174,48,Graduate,4440.028899
873,555,58,Bachelors,3731.38684
874,1110,55,Graduate,3342.753909
877,1108,24,Bachelors,3593.421642
878,1175,40,Bachelors,3499.968645
879,1149,53,Bachelors,3482.119413
880,1,49,Bachelors,3554.821338
881,1117,53,Bachelors,3191.652333
882,1192,44,Graduate,4331.369466
888,1136,31,Graduate,4331.317363
889,68,19,Bachelors,3551.478106
890,1208,21,Graduate,3913.362659
891,1188,28,Graduate,4107.544704
893,1131,46,Graduate,3681.171352
894,1074,44,Bachelors,3221.858754
895,1029,40,Bachelors,3180.78425
898,1076,60,Graduate,3538.819662
899,1315,59,Graduate,3484.94229
903,200,23,Bachelors,3549.367923
904,333,59,Bachelors,3545.893942
905,1257,50,Bachelors,3120.680243
906,1232,22,Bachelors,2194.409896
908,1080,29,Bachelors,3110.486166
910,1118,41,Bachelors,3049.149117
912,1310,28,Graduate,3266.624502
913,127,55,Bachelors,3537.333765
914,233,44,Graduate,4227.161757
915,1156,40,Bachelors,2523.164586
916,558,38,Bachelors,3042.261408
917,1105,32,Bachelors,3010.714518
918,324,33,Graduate,3744.251035
921,1063,52,Bachelors,2903.980026
922,540,55,Bachelors,3481.946582
926,629,57,HighSchoolOrCollege,2061.560923
927,634,58,Bachelors,3476.195299
928,1148,20,Bachelors,3004.796104
929,1098,43,HighSchoolOrCollege,1600
930,303,41,HighSchoolOrCollege,2041.782051
931,1298,30,HighSchoolOrCollege,1730.614267
932,1169,23,HighSchoolOrCollege,1833.470114
933,432,53,HighSchoolOrCollege,2031.145888
934,67,42,Graduate,3730.729997
935,1304,42,HighSchoolOrCollege,1828.75119
936,545,33,Bachelors,3417.466518
937,550,44,Bachelors,3417.161504
938,1305,60,HighSchoolOrCollege,1600
939,1121,35,Low,1600
940,1158,34,Bachelors,2535.855693
941,1144,50,Bachelors,2824.91196
942,1150,48,Bachelors,1791.067176
943,1176,50,Bachelors,2960.056512
944,130,48,Graduate,2647.431507
945,1032,21,Bachelors,2583.20936
946,510,60,HighSchoolOrCollege,2028.533725
947,404,41,HighSchoolOrCollege,2028.256582
948,302,26,Graduate,2434.490608
949,1284,19,HighSchoolOrCollege,1823.812906
950,114,27,Bachelors,3398.809019
951,1180,25,Bachelors,1979.841981
952,536,27,HighSchoolOrCollege,2026.037987
953,123,45,Graduate,2056.390611
954,1285,41,Bachelors,2844.785846
955,257,42,Graduate,3662.028074
956,147,32,Graduate,3545.251339
957,1114,31,HighSchoolOrCollege,1800.929434
958,34,33,Bachelors,3379.968966
959,1044,58,HighSchoolOrCollege,1793.255072
960,898,35,Low,1675.525904
961,259,21,Graduate,3444.437432
962,1116,45,Bachelors,1600
963,486,30,HighSchoolOrCollege,2024.100464
964,1213,50,HighSchoolOrCollege,1765.102734
965,463,29,HighSchoolOrCollege,2004.177848
966,917,46,Low,1600
967,1326,33,HighSchoolOrCollege,1600
968,1214,54,HighSchoolOrCollege,1600
969,49,45,Bachelors,3346.373616
970,418,53,HighSchoolOrCollege,1980.928554
971,681,54,HighSchoolOrCollege,1980.882973
972,1078,29,HighSchoolOrCollege,1761.347098
973,490,20,Bachelors,3295.755669
974,1320,24,Bachelors,2648.429885
975,182,47,HighSchoolOrCollege,1976.186214
976,507,26,Bachelors,3295.337824
977,1096,52,Bachelors,2637.722912
978,1075,44,HighSchoolOrCollege,1746.28607
979,1099,30,HighSchoolOrCollege,1742.272418
980,1280,54,HighSchoolOrCollege,1739.100926
981,1135,35,HighSchoolOrCollege,1666.983792
982,678,53,Bachelors,3239.602093
983,41,44,Graduate,3543.86148
984,638,35,Low,1600
985,107,46,HighSchoolOrCollege,1962.845258
986,264,57,Bachelors,3136.622866
987,121,20,Bachelors,3133.971016
988,235,32,HighSchoolOrCollege,1959.862238
989,1054,57,HighSchoolOrCollege,1628.086614
990,1172,37,HighSchoolOrCollege,1600
991,809,21,Low,1600
992,450,48,Bachelors,3122.807037
993,188,31,Graduate,1900.233013
994,1160,42,HighSchoolOrCollege,1600
995,1048,60,HighSchoolOrCollege,1600
996,1222,55,HighSchoolOrCollege,1600
997,306,48,Graduate,3531.331534
998,1124,53,Bachelors,2581.798061
999,672,48,Bachelors,3088.549491
1000,32,56,Graduate,2020.077579
1001,157,49,Graduate,3254.119995
1002,580,51,HighSchoolOrCollege,1941.218219
1003,1083,48,HighSchoolOrCollege,1600
1004,87,41,HighSchoolOrCollege,1936.248888
1005,1227,47,Bachelors,2424.910398
1006,1047,19,HighSchoolOrCollege,1600
1007,1226,40,HighSchoolOrCollege,1600
1008,55,23,Graduate,3251.477298
1009,627,39,Low,1600
1010,143,52,HighSchoolOrCollege,1930.824045
0,254,36,HighSchoolOrCollege,8225.600056
1,929,25,HighSchoolOrCollege,7228.227325
2,348,35,HighSchoolOrCollege,6334.912315
3,316,21,HighSchoolOrCollege,6122.81255
4,177,43,Bachelors,7856.429739
5,33,32,HighSchoolOrCollege,1600
6,89,26,HighSchoolOrCollege,1627.008571
7,270,27,Bachelors,5319.403605
8,20,20,Bachelors,3189.056795
9,21,35,Bachelors,11348.56846
10,29,48,HighSchoolOrCollege,5911.731242
11,625,27,HighSchoolOrCollege,5982.603598
12,1205,34,HighSchoolOrCollege,5708.871128
13,330,18,Bachelors,5156.788374
14,139,38,Graduate,6381.604694
15,730,35,HighSchoolOrCollege,5577.44461
16,297,39,Bachelors,8686.408286
17,603,57,Bachelors,16000
18,278,20,Graduate,16000
19,206,25,Bachelors,8162.331163
20,342,41,HighSchoolOrCollege,5312.449886
21,301,35,Low,2095.223187
22,102,25,HighSchoolOrCollege,2982.425246
23,1037,57,Low,4635.026973
24,57,44,Bachelors,7260.051749
25,159,38,HighSchoolOrCollege,5200.160805
26,194,28,HighSchoolOrCollege,4881.830464
27,585,45,HighSchoolOrCollege,5572.172904
28,1244,54,Bachelors,12332.93576
29,80,18,Low,4066.9268
30,619,49,HighSchoolOrCollege,1731.184757
31,932,40,Graduate,13429.51404
32,832,33,HighSchoolOrCollege,5423.840478
33,803,21,Bachelors,10935.95521
34,319,23,Low,3675.057773
35,294,20,Low,1730.637323
36,212,41,Graduate,13277.39937
37,367,54,HighSchoolOrCollege,5363.197686
38,1022,34,Low,4501.555158
39,171,54,Bachelors,3463.505624
40,534,55,Low,1975.542056
41,54,41,HighSchoolOrCollege,1750.858696
42,723,24,HighSchoolOrCollege,5235.21397
43,1019,48,Bachelors,10632.94814
45,286,50,Graduate,13042.96868
46,1228,47,HighSchoolOrCollege,5186.778381
47,222,58,HighSchoolOrCollege,4743.102918
48,66,42,HighSchoolOrCollege,4602.027194
49,1024,54,Graduate,12977.77803
50,112,45,HighSchoolOrCollege,4567.830066
51,24,26,Graduate,12018.3006
52,192,39,HighSchoolOrCollege,2365.11427
53,1211,19,Low,3875.64557
54,71,32,Graduate,7464.930659
55,38,37,HighSchoolOrCollege,1752.038715
56,128,40,Graduate,3110.624408
57,76,56,Graduate,10284.9775
58,549,40,Graduate,12768.05197
59,581,35,Bachelors,10368.30182
60,305,46,HighSchoolOrCollege,4478.799291
61,214,44,HighSchoolOrCollege,4452.458035
62,202,57,Bachelors,6951.335102
63,115,36,HighSchoolOrCollege,4438.559984
64,273,52,HighSchoolOrCollege,4213.03025
65,359,23,HighSchoolOrCollege,4188.919549
66,267,51,Bachelors,5904.165834
67,82,19,HighSchoolOrCollege,4088.897008
68,161,42,HighSchoolOrCollege,4062.663718
69,347,24,Bachelors,3871.600622
70,132,49,HighSchoolOrCollege,2340.369051
71,138,59,Bachelors,2331.436678
72,385,21,Bachelors,9679.785619
73,50,32,Bachelors,6450.725254
74,258,48,HighSchoolOrCollege,1600
75,125,59,HighSchoolOrCollege,2537.717014
76,252,34,HighSchoolOrCollege,4041.429611
77,269,20,HighSchoolOrCollege,3982.602845
78,466,24,Graduate,11867.7937
79,454,56,HighSchoolOrCollege,5182.540282
80,358,59,HighSchoolOrCollege,3976.122781
81,323,27,Graduate,5061.931418
82,207,40,Graduate,5534.836661
83,1033,53,HighSchoolOrCollege,5141.792749
84,69,33,HighSchoolOrCollege,3874.860776
85,166,45,HighSchoolOrCollege,3837.469949
86,357,31,HighSchoolOrCollege,3763.871851
87,5,58,HighSchoolOrCollege,1935.01211
88,122,20,HighSchoolOrCollege,1600
89,760,54,HighSchoolOrCollege,5025.847952
90,630,20,HighSchoolOrCollege,4939.186445
91,104,41,HighSchoolOrCollege,1600
92,25,43,HighSchoolOrCollege,3661.937907
93,339,48,HighSchoolOrCollege,3552.117797
94,28,23,Bachelors,6385.921069
95,191,47,Low,3382.77753
96,30,23,HighSchoolOrCollege,3505.741758
97,354,56,Graduate,5050.039371
98,6,55,HighSchoolOrCollege,3495.389923
99,298,31,Bachelors,5907.019602
100,402,29,Low,3439.289477
101,420,38,HighSchoolOrCollege,4901.1568
102,1256,56,Bachelors,9641.765917
103,1321,18,Bachelors,9225.459056
104,97,47,HighSchoolOrCollege,1874.404467
105,334,52,HighSchoolOrCollege,2639.224504
106,336,34,Bachelors,4777.448422
107,226,26,HighSchoolOrCollege,3458.562834
108,784,36,HighSchoolOrCollege,4875.974618
109,1141,52,HighSchoolOrCollege,4874.274022
110,1035,26,HighSchoolOrCollege,4769.505083
111,63,30,HighSchoolOrCollege,1600
112,265,23,Graduate,9470.07071
113,344,51,Graduate,5335.819581
114,158,55,Graduate,8404.778941
115,78,56,HighSchoolOrCollege,3455.712787
116,960,43,Graduate,11662.96517
117,27,22,Bachelors,5108.658882
118,1174,33,Bachelors,9131.289064
119,248,32,Graduate,8172.839206
120,16,31,HighSchoolOrCollege,2797.175101
121,4,45,HighSchoolOrCollege,3416.865486
122,1052,37,HighSchoolOrCollege,4734.418142
123,650,43,HighSchoolOrCollege,4725.151515
124,461,49,Graduate,11474.29351
125,553,50,Graduate,10351.49368
126,239,26,HighSchoolOrCollege,1742.500666
128,141,57,Bachelors,3973.147547
129,356,27,HighSchoolOrCollege,3329.930874
130,282,48,HighSchoolOrCollege,3280.533139
131,328,26,Bachelors,2690.124325
132,285,36,Graduate,7693.230949
133,224,27,HighSchoolOrCollege,3257.989138
134,616,53,HighSchoolOrCollege,4652.876234
135,292,59,HighSchoolOrCollege,3099.428653
136,320,34,Graduate,7493.743912
137,22,34,HighSchoolOrCollege,1879.421099
138,140,49,HighSchoolOrCollege,3240.152757
139,81,48,Bachelors,3632.671429
140,839,24,Bachelors,8997.497042
141,396,24,Bachelors,2925.718862
143,702,18,HighSchoolOrCollege,4645.683942
144,48,23,HighSchoolOrCollege,3189.919806
145,146,30,HighSchoolOrCollege,1899.39489
146,247,46,HighSchoolOrCollege,3184.78233
147,225,44,HighSchoolOrCollege,3121.520499
148,824,37,Bachelors,8778.503546
149,72,26,Bachelors,1657.081526
150,434,44,Bachelors,8156.826085
151,26,46,Low,3282.026629
152,217,41,HighSchoolOrCollege,3058.481363
153,119,23,HighSchoolOrCollege,2545.371773
155,697,55,Graduate,10302.77381
156,203,52,HighSchoolOrCollege,2983.144254
157,503,25,Graduate,10166.65515
158,256,25,Graduate,6710.485307
159,658,39,HighSchoolOrCollege,4634.109058
160,1303,52,Bachelors,7984.325366
162,133,36,HighSchoolOrCollege,2262.698573
163,576,26,HighSchoolOrCollege,4587.797694
164,18,27,Graduate,4049.088878
165,322,30,Graduate,5461.097744
166,7,21,Low,2994.110891
167,83,49,HighSchoolOrCollege,2942.498344
168,345,48,Graduate,5777.752286
169,100,24,HighSchoolOrCollege,2918.793258
170,611,20,Bachelors,7847.377571
171,1138,58,Low,3197.185213
172,190,38,Graduate,5493.662691
173,193,19,Graduate,5267.257918
174,151,43,Graduate,1620.038594
175,232,22,HighSchoolOrCollege,2895.009531
176,353,24,Graduate,3022.741691
177,156,23,HighSchoolOrCollege,2864.287779
178,12,29,Bachelors,3499.268941
179,300,44,Bachelors,1939.585277
180,251,34,Low,2968.951013
181,314,22,HighSchoolOrCollege,1614.58967
182,108,26,HighSchoolOrCollege,1799.270411
183,1217,41,Graduate,9796.506952
184,201,38,HighSchoolOrCollege,2007.466824
185,1296,31,HighSchoolOrCollege,4554.253894
186,9,38,Graduate,3924.53287
187,493,44,Low,2880.358851
188,169,19,Bachelors,5860.408202
189,836,53,Graduate,9118.951358
190,79,31,Bachelors,5849.159698
191,253,48,HighSchoolOrCollege,2843.898171
192,470,59,HighSchoolOrCollege,4535.770051
193,205,23,Bachelors,5233.73861
194,1007,23,Bachelors,7842.906278
195,1261,60,Graduate,9112.896702
196,351,28,Low,2314.230034
197,152,30,HighSchoolOrCollege,2222.934707
198,1017,39,Bachelors,7588.472362
199,220,31,HighSchoolOrCollege,2840.161541
200,1147,51,Graduate,9047.159726
201,925,54,HighSchoolOrCollege,4428.974658
202,91,25,HighSchoolOrCollege,2409.240582
203,266,24,HighSchoolOrCollege,2047.570992
204,833,33,Low,2818.751765
205,1299,37,HighSchoolOrCollege,4425.282771
206,47,52,HighSchoolOrCollege,2764.080734
207,277,30,Bachelors,4054.051019
208,52,56,HighSchoolOrCollege,2716.706992
209,741,24,HighSchoolOrCollege,4365.101606
210,262,18,Low,1600
211,1082,20,Bachelors,7573.872822
212,241,60,HighSchoolOrCollege,1655.225824
213,84,44,Bachelors,3074.733059
214,489,33,HighSchoolOrCollege,4252.089112
215,853,31,Bachelors,7298.66752
216,964,38,HighSchoolOrCollege,4235.379946
217,60,57,HighSchoolOrCollege,1728.556616
218,352,38,HighSchoolOrCollege,1600
219,153,57,HighSchoolOrCollege,2059.233694
220,99,56,Graduate,4587.863478
221,325,50,HighSchoolOrCollege,2590.97316
222,250,44,HighSchoolOrCollege,2704.723914
223,13,43,Bachelors,2683.577597
224,373,41,Low,2779.821973
225,709,49,HighSchoolOrCollege,4211.81145
226,255,43,Bachelors,4456.04595
227,293,59,HighSchoolOrCollege,2701.345264
228,1254,53,Bachelors,7209.278352
229,98,41,Bachelors,4730.168066
230,1179,52,Bachelors,7195.705198
231,260,59,HighSchoolOrCollege,1600
232,73,53,HighSchoolOrCollege,1600
233,998,38,Graduate,8852.949925
234,155,43,Graduate,5259.220656
235,288,29,Graduate,3655.916728
236,1155,44,Low,2735.305984
237,626,48,Graduate,8771.437566
238,1184,21,Low,2595.973659
239,185,45,Low,1600
240,243,21,Graduate,5255.820427
241,1139,30,HighSchoolOrCollege,4205.399141
242,361,26,Graduate,8713.78244
243,145,31,HighSchoolOrCollege,1600
244,90,30,HighSchoolOrCollege,2356.42831
245,62,52,Graduate,5066.219688
246,312,30,HighSchoolOrCollege,1600
247,88,33,Low,1600
248,556,51,Bachelors,7122.303226
249,142,25,Graduate,3148.780378
250,129,59,HighSchoolOrCollege,2675.57359
251,340,58,HighSchoolOrCollege,2634.38563
252,363,59,HighSchoolOrCollege,4139.275162
253,612,43,Graduate,8570.167611
254,940,23,Bachelors,6940.817733
255,660,59,HighSchoolOrCollege,1663.226163
257,595,24,HighSchoolOrCollege,4044.05429
258,491,37,Bachelors,2223.524586
259,1034,31,HighSchoolOrCollege,4169.191928
260,542,52,Graduate,7637.408718
261,693,29,HighSchoolOrCollege,3964.407749
263,914,31,HighSchoolOrCollege,4162.129859
264,787,28,HighSchoolOrCollege,4161.633138
265,1282,44,Bachelors,6908.695496
266,654,32,Graduate,4593.213123
268,748,53,HighSchoolOrCollege,4151.097426
269,560,56,HighSchoolOrCollege,3952.590139
270,881,32,HighSchoolOrCollege,4142.236667
271,543,57,HighSchoolOrCollege,3805.66633
272,409,47,HighSchoolOrCollege,2812.477464
273,587,46,HighSchoolOrCollege,1955.672058
274,644,44,HighSchoolOrCollege,2544.831675
275,1233,60,HighSchoolOrCollege,4122.378258
276,1163,50,Bachelors,6777.857106
277,575,34,HighSchoolOrCollege,2318.883181
278,443,56,Bachelors,6527.713184
280,885,25,Bachelors,6466.174086
281,398,27,HighSchoolOrCollege,3702.04281
282,1049,38,HighSchoolOrCollege,4008.476133
283,483,60,Graduate,5481.989765
284,394,52,HighSchoolOrCollege,1748.319395
286,563,20,HighSchoolOrCollege,3599.403973
287,485,51,HighSchoolOrCollege,3407.713325
289,480,35,Graduate,5538.684739
290,1307,43,Graduate,8541.549482
291,508,37,Low,2406.31012
292,497,27,Bachelors,2556.962963
293,1094,31,HighSchoolOrCollege,3977.13443
294,642,24,HighSchoolOrCollege,1828.493456
295,471,41,Graduate,7185.440419
296,436,39,Graduate,6887.155326
297,1014,53,HighSchoolOrCollege,3937.962536
299,673,35,HighSchoolOrCollege,3360.927902
300,1230,58,HighSchoolOrCollege,3893.102613
302,740,44,HighSchoolOrCollege,3881.099294
303,435,34,Graduate,6621.894363
304,1265,50,HighSchoolOrCollege,3880.47639
305,674,31,Bachelors,3366.161144
306,945,49,HighSchoolOrCollege,3857.786766
307,607,38,Graduate,2300.364005
308,805,30,HighSchoolOrCollege,3846.243893
309,864,30,HighSchoolOrCollege,3845.860003
310,937,29,HighSchoolOrCollege,3763.363974
311,423,45,HighSchoolOrCollege,1972.529606
312,969,42,HighSchoolOrCollege,3719.1736
313,908,55,Low,2507.720734
314,539,20,HighSchoolOrCollege,3270.147936
315,888,25,Graduate,7500.189157
316,703,34,HighSchoolOrCollege,3625.318413
317,682,52,Low,2401.087378
318,685,55,HighSchoolOrCollege,3256.711118
319,1066,32,Low,2335.757656
320,494,53,Bachelors,5840.339074
321,428,18,Graduate,4441.083587
322,570,59,HighSchoolOrCollege,3201.071901
323,624,31,Graduate,5653.606349
324,935,48,HighSchoolOrCollege,3598.594429
325,617,19,HighSchoolOrCollege,3159.685986
326,496,24,Bachelors,5612.175568
327,719,55,HighSchoolOrCollege,3595.356027
328,405,51,Low,2257.346693
329,1077,53,Bachelors,6425.614926
330,614,25,Graduate,2735.112221
331,622,18,Graduate,6014.318613
332,1041,23,Bachelors,6413.292902
333,1097,37,Bachelors,6300.61373
334,1309,22,Bachelors,6165.764157
335,1015,47,Graduate,7381.045474
336,374,56,Graduate,5626.738878
337,781,58,Graduate,7341.24919
338,526,52,HighSchoolOrCollege,1998.202888
339,721,29,Bachelors,6145.74711
340,1128,33,Graduate,7224.945584
341,1212,34,HighSchoolOrCollege,3505.260224
342,659,43,HighSchoolOrCollege,3143.610485
343,1277,42,Bachelors,5868.744318
344,737,41,HighSchoolOrCollege,3468.634002
345,375,36,Bachelors,5471.584766
347,1281,30,Bachelors,5791.039341
348,521,43,HighSchoolOrCollege,3080.161755
349,628,19,HighSchoolOrCollege,3013.850171
350,694,38,Graduate,5481.845245
351,1056,59,Bachelors,5577.795376
353,379,34,Low,2221.696262
354,776,60,Low,2323.280979
355,643,38,Graduate,5021.359026
357,520,40,Graduate,5325.216118
358,679,36,HighSchoolOrCollege,2184.973448
359,645,43,HighSchoolOrCollege,2163.758858
360,455,32,HighSchoolOrCollege,2989.816173
361,1268,32,Low,2318.23239
362,670,28,HighSchoolOrCollege,2686.79385
363,566,49,Graduate,5035.146808
364,931,19,HighSchoolOrCollege,3452.418822
365,429,20,Low,2126.485686
366,788,39,HighSchoolOrCollege,3448.378717
367,996,29,HighSchoolOrCollege,3436.824029
368,1185,20,Graduate,7191.48265
369,724,54,HighSchoolOrCollege,3390.454637
370,565,33,Bachelors,4676.850198
371,368,38,HighSchoolOrCollege,2906.147509
372,283,18,Bachelors,2986.69837
373,609,38,Graduate,3888.744427
374,594,57,HighSchoolOrCollege,2227.761216
375,820,34,HighSchoolOrCollege,3348.878408
376,972,19,HighSchoolOrCollege,3340.208453
377,944,30,Graduate,6992.220458
378,478,60,HighSchoolOrCollege,2619.258901
379,1286,38,HighSchoolOrCollege,3336.244877
381,538,59,HighSchoolOrCollege,2806.130446
385,578,19,HighSchoolOrCollege,2770.27848
386,381,39,Graduate,4918.453093
387,413,58,HighSchoolOrCollege,2758.738216
388,668,48,Graduate,3850.559955
389,469,52,Graduate,4443.322085
390,453,31,Bachelors,2868.155856
391,1308,42,Low,2311.678619
393,606,26,HighSchoolOrCollege,2533.703779
394,657,54,HighSchoolOrCollege,2748.904822
395,573,54,Graduate,3396.17455
396,514,41,Bachelors,5095.526781
397,541,60,HighSchoolOrCollege,2738.503462
398,646,53,Bachelors,3470.838176
399,793,33,HighSchoolOrCollege,3301.455709
400,601,36,HighSchoolOrCollege,2729.877566
401,726,47,HighSchoolOrCollege,3283.008688
402,689,24,HighSchoolOrCollege,1836.708453
403,329,44,Bachelors,3010.135942
404,1010,58,Low,2212.970603
405,669,25,HighSchoolOrCollege,2708.694915
408,635,33,Bachelors,2300.7878
409,633,18,Graduate,4002.151981
410,958,42,HighSchoolOrCollege,3266.229357
411,620,21,HighSchoolOrCollege,2699.051192
412,593,58,HighSchoolOrCollege,1866.491786
413,1109,56,Graduate,6886.781042
414,994,24,HighSchoolOrCollege,3261.547875
415,738,18,HighSchoolOrCollege,3235.749974
416,640,30,Bachelors,5026.882955
417,519,38,HighSchoolOrCollege,2361.579586
418,684,44,HighSchoolOrCollege,2683.115126
419,656,36,Low,2101.809234
420,1243,55,HighSchoolOrCollege,3226.036666
421,366,38,Bachelors,4992.415816
422,531,27,Graduate,3740.630053
423,1301,53,HighSchoolOrCollege,3220.92559
424,421,49,HighSchoolOrCollege,1600
425,451,33,HighSchoolOrCollege,2696.125886
426,399,41,Graduate,3392.625515
427,481,37,Bachelors,4140.320922
428,934,44,HighSchoolOrCollege,3207.40592
429,728,53,Graduate,6761.645653
430,467,49,HighSchoolOrCollege,2114.278165
431,691,20,HighSchoolOrCollege,2643.292848
432,386,26,Bachelors,1985.55125
433,109,32,Bachelors,5567.810728
434,664,25,Bachelors,4815.585058
435,397,27,Low,1600
436,567,36,HighSchoolOrCollege,1600
437,479,25,HighSchoolOrCollege,2606.796669
438,401,43,Graduate,3299.284246
439,474,35,HighSchoolOrCollege,2267.821346
440,848,32,HighSchoolOrCollege,3162.98532
441,602,49,HighSchoolOrCollege,1600
442,512,27,Bachelors,4459.807174
443,408,56,HighSchoolOrCollege,1600
444,705,30,Graduate,6737.898379
445,590,23,Bachelors,4298.389338
446,1255,31,Graduate,6592.643669
447,623,49,Graduate,3160.719347
448,639,28,Graduate,3227.102395
449,392,41,Graduate,3074.673877
450,518,35,HighSchoolOrCollege,2510.918936
451,1093,19,HighSchoolOrCollege,3145.307045
452,506,18,HighSchoolOrCollege,1722.55923
453,692,35,HighSchoolOrCollege,1600
454,39,43,Bachelors,5314.491653
455,924,49,HighSchoolOrCollege,3135.778874
456,662,25,HighSchoolOrCollege,1735.125766
457,1071,57,HighSchoolOrCollege,3125.479915
458,747,24,HighSchoolOrCollege,3105.16359
459,462,18,Bachelors,4268.925389
460,655,37,Bachelors,2205.002333
461,1264,55,Bachelors,5243.321274
462,604,60,Low,1600
463,588,42,Graduate,2962.323965
464,564,31,Graduate,2842.794826
465,1058,29,HighSchoolOrCollege,3103.854421
466,883,20,HighSchoolOrCollege,3101.721517
467,417,38,HighSchoolOrCollege,2505.348963
468,438,40,HighSchoolOrCollege,2449.958034
469,671,26,Bachelors,4232.616402
470,382,18,HighSchoolOrCollege,2280.663749
471,1062,36,Graduate,6554.59991
472,457,59,Graduate,2055.103341
473,686,60,Bachelors,4185.730605
474,938,49,Graduate,6468.148942
475,790,24,Graduate,6278.907714
476,950,26,HighSchoolOrCollege,3085.873006
477,552,37,HighSchoolOrCollege,2443.884507
478,661,58,Bachelors,4174.054987
479,605,58,HighSchoolOrCollege,1617.110258
480,1060,39,HighSchoolOrCollege,3076.687102
481,548,44,Low,2087.491771
482,840,55,HighSchoolOrCollege,3065.32835
483,1314,36,Graduate,6171.221726
484,676,42,Bachelors,2338.958533
485,284,28,Low,2198.301774
486,878,29,Low,2114.523982
487,690,49,Bachelors,4058.511531
488,425,51,HighSchoolOrCollege,1637.48013
489,976,24,Bachelors,5234.164642
490,773,46,HighSchoolOrCollege,3064.387352
491,544,19,Bachelors,3901.576453
492,522,58,Bachelors,3930.494126
493,680,29,Bachelors,3920.545613
494,1283,40,HighSchoolOrCollege,3039.404517
495,505,47,HighSchoolOrCollege,2437.581066
496,743,49,HighSchoolOrCollege,3016.350462
497,93,28,HighSchoolOrCollege,2139.364117
498,530,49,HighSchoolOrCollege,2402.446147
499,1112,28,Graduate,6133.299862
500,1245,53,HighSchoolOrCollege,3009.67785
501,458,23,Bachelors,2274.199683
502,583,18,HighSchoolOrCollege,2399.040938
